m,Composition,log_value
20.0,3.96,1.3762440252663892
21.0,31.88,3.461978853922014
22.0,64.16,4.161379963558259
