m,Composition,log_value
64.0,90.23,4.50236196600641
65.0,1.42,0.35065687161316933
66.0,8.09,2.0906287310704004
