m,Composition,log_value
24.0,97.79,4.5828223223241835
25.0,2.12,0.7514160886839212
